photo_0001.jpg,0
photo_0002.jpg,0
photo_0003.jpg,0
photo_0004.jpg,0
photo_0005.jpg,0
photo_0006.jpg,0
photo_0007.jpg,0
photo_0008.jpg,0
photo_0009.jpg,0
photo_0010.jpg,0
photo_0011.jpg,0
photo_0012.jpg,0
photo_0013.jpg,0
photo_0014.jpg,0
photo_0015.jpg,0
photo_0016.jpg,0
photo_0017.jpg,0
photo_0018.jpg,0
photo_0019.jpg,0
photo_0020.jpg,0
photo_0021.jpg,0
photo_0022.jpg,0
photo_0023.jpg,0
photo_0024.jpg,0
photo_0025.jpg,0
photo_0026.jpg,0
photo_0027.jpg,0
photo_0028.jpg,0
photo_0029.jpg,0
photo_0030.jpg,0
photo_0031.jpg,0
photo_0032.jpg,0
photo_0033.jpg,0
photo_0034.jpg,0
photo_0035.jpg,0
photo_0036.jpg,0
photo_0037.jpg,1
photo_0038.jpg,0
photo_0039.jpg,0
photo_0040.jpg,0
photo_0041.jpg,0
photo_0042.jpg,0
photo_0043.jpg,0
photo_0044.jpg,0
photo_0045.jpg,0
photo_0046.jpg,0
photo_0047.jpg,1
photo_0048.jpg,0
photo_0049.jpg,0
photo_0050.jpg,0
photo_0051.jpg,0
photo_0052.jpg,0
photo_0053.jpg,0
photo_0054.jpg,0
photo_0055.jpg,0
photo_0056.jpg,0
photo_0057.jpg,0
photo_0058.jpg,0
photo_0059.jpg,0
photo_0060.jpg,0
photo_0061.jpg,0
photo_0062.jpg,0
photo_0063.jpg,0
photo_0064.jpg,0
photo_0065.jpg,0
photo_0066.jpg,0
photo_0067.jpg,0
photo_0068.jpg,0
photo_0069.jpg,0
photo_0070.jpg,1
photo_0071.jpg,0
photo_0072.jpg,0
photo_0073.jpg,0
photo_0074.jpg,1
photo_0075.jpg,0
photo_0076.jpg,0
photo_0077.jpg,0
photo_0078.jpg,0
photo_0079.jpg,0
photo_0080.jpg,1
photo_0081.jpg,0
photo_0082.jpg,0
photo_0083.jpg,0
photo_0084.jpg,0
photo_0085.jpg,0
photo_0086.jpg,0
photo_0087.jpg,0
photo_0088.jpg,0
photo_0089.jpg,0
photo_0090.jpg,0
photo_0091.jpg,0
photo_0092.jpg,0
photo_0093.jpg,0
photo_0094.jpg,0
photo_0095.jpg,0
photo_0096.jpg,0
photo_0097.jpg,0
photo_0098.jpg,0
photo_0099.jpg,0
photo_0100.jpg,0
photo_0101.jpg,0
photo_0102.jpg,0
photo_0103.jpg,0
photo_0104.jpg,0
photo_0105.jpg,0
photo_0106.jpg,0
photo_0107.jpg,0
photo_0108.jpg,0
photo_0109.jpg,0
photo_0110.jpg,0
photo_0111.jpg,0
photo_0112.jpg,0
photo_0113.jpg,0
photo_0114.jpg,0
photo_0115.jpg,0
photo_0116.jpg,0
photo_0117.jpg,0
photo_0118.jpg,0
photo_0119.jpg,0
photo_0120.jpg,0
photo_0121.jpg,0
photo_0122.jpg,0
photo_0123.jpg,0
photo_0124.jpg,0
photo_0125.jpg,0
photo_0126.jpg,0
photo_0127.jpg,0
photo_0128.jpg,0
photo_0129.jpg,0
photo_0130.jpg,0
photo_0131.jpg,0
photo_0132.jpg,0
photo_0133.jpg,0
photo_0134.jpg,0
photo_0135.jpg,0
photo_0136.jpg,0
photo_0137.jpg,0
photo_0138.jpg,0
photo_0139.jpg,0
photo_0140.jpg,0
photo_0141.jpg,0
photo_0142.jpg,0
photo_0143.jpg,0
photo_0144.jpg,0
photo_0145.jpg,0
photo_0146.jpg,0
photo_0147.jpg,0
photo_0148.jpg,0
photo_0149.jpg,0
photo_0150.jpg,0
photo_0151.jpg,0
photo_0152.jpg,0
photo_0153.jpg,0
photo_0154.jpg,0
photo_0155.jpg,0
photo_0156.jpg,0
photo_0157.jpg,0
photo_0158.jpg,0
photo_0159.jpg,0
photo_0160.jpg,0
photo_0161.jpg,0
photo_0162.jpg,0
photo_0163.jpg,0
photo_0164.jpg,0
photo_0165.jpg,0
photo_0166.jpg,0
photo_0167.jpg,0
photo_0168.jpg,0
photo_0169.jpg,0
photo_0170.jpg,0
photo_0171.jpg,0
photo_0172.jpg,0
photo_0173.jpg,0
photo_0174.jpg,0
photo_0175.jpg,0
photo_0176.jpg,0
photo_0177.jpg,0
photo_0178.jpg,0
photo_0179.jpg,0
photo_0180.jpg,0
photo_0181.jpg,0
photo_0182.jpg,0
photo_0183.jpg,0
photo_0184.jpg,0
photo_0185.jpg,0
photo_0186.jpg,0
photo_0187.jpg,0
photo_0188.jpg,0
photo_0189.jpg,0
photo_0190.jpg,0
photo_0191.jpg,0
photo_0192.jpg,0
photo_0193.jpg,0
photo_0194.jpg,0
photo_0195.jpg,0
photo_0196.jpg,0
photo_0197.jpg,0
photo_0198.jpg,0
photo_0199.jpg,0
photo_0200.jpg,0
photo_0201.jpg,0
photo_0202.jpg,0
photo_0203.jpg,0
photo_0204.jpg,0
photo_0205.jpg,0
photo_0206.jpg,0
photo_0207.jpg,0
photo_0208.jpg,0
photo_0209.jpg,0
photo_0210.jpg,0
photo_0211.jpg,0
photo_0212.jpg,0
photo_0213.jpg,0
photo_0214.jpg,0
photo_0215.jpg,0
photo_0216.jpg,0
photo_0217.jpg,0
photo_0218.jpg,0
photo_0219.jpg,0
photo_0220.jpg,0
photo_0221.jpg,0
photo_0222.jpg,0
photo_0223.jpg,0
photo_0224.jpg,0
photo_0225.jpg,0
photo_0226.jpg,0
photo_0227.jpg,0
photo_0228.jpg,0
photo_0229.jpg,0
photo_0230.jpg,0
photo_0231.jpg,0
photo_0232.jpg,0
photo_0233.jpg,0
photo_0234.jpg,0
photo_0235.jpg,0
photo_0236.jpg,0
photo_0237.jpg,0
photo_0238.jpg,0
photo_0239.jpg,0
photo_0240.jpg,0
photo_0241.jpg,0
photo_0242.jpg,0
photo_0243.jpg,0
photo_0244.jpg,0
photo_0245.jpg,0
photo_0246.jpg,0
photo_0247.jpg,0
photo_0248.jpg,0
photo_0249.jpg,0
photo_0250.jpg,0
photo_0251.jpg,0
photo_0252.jpg,0
photo_0253.jpg,0
photo_0254.jpg,0
photo_0255.jpg,0
photo_0256.jpg,0
photo_0257.jpg,0
photo_0258.jpg,0
photo_0259.jpg,0
photo_0260.jpg,0
photo_0261.jpg,0
photo_0262.jpg,0
photo_0263.jpg,0
photo_0264.jpg,0
photo_0265.jpg,0
photo_0266.jpg,0
photo_0267.jpg,0
photo_0268.jpg,0
photo_0269.jpg,0
photo_0270.jpg,0
photo_0271.jpg,0
photo_0272.jpg,0
photo_0273.jpg,0
photo_0274.jpg,0
photo_0275.jpg,0
photo_0276.jpg,0
photo_0277.jpg,0
photo_0278.jpg,0
photo_0279.jpg,0
photo_0280.jpg,0
photo_0281.jpg,0
photo_0282.jpg,0
photo_0283.jpg,0
photo_0284.jpg,0
photo_0285.jpg,0
photo_0286.jpg,0
photo_0287.jpg,0
photo_0288.jpg,0
photo_0289.jpg,0
photo_0290.jpg,0
photo_0291.jpg,0
photo_0292.jpg,0
photo_0293.jpg,0
photo_0294.jpg,0
photo_0295.jpg,0
photo_0296.jpg,0
photo_0297.jpg,0
photo_0298.jpg,0
photo_0299.jpg,0
photo_0300.jpg,0
photo_0301.jpg,0
photo_0302.jpg,0
photo_0303.jpg,0
photo_0304.jpg,0
photo_0305.jpg,0
photo_0306.jpg,0
photo_0307.jpg,0
photo_0308.jpg,0
photo_0309.jpg,0
photo_0310.jpg,0
photo_0311.jpg,0
photo_0312.jpg,0
photo_0313.jpg,0
photo_0314.jpg,0
photo_0315.jpg,0
photo_0316.jpg,0
photo_0317.jpg,0
photo_0318.jpg,0
photo_0319.jpg,0
photo_0320.jpg,0
photo_0321.jpg,0
photo_0322.jpg,0
photo_0323.jpg,0
photo_0324.jpg,0
photo_0325.jpg,0
photo_0326.jpg,0
photo_0327.jpg,0
photo_0328.jpg,0
photo_0329.jpg,0
photo_0330.jpg,0
photo_0331.jpg,0
photo_0332.jpg,0
photo_0333.jpg,0
photo_0334.jpg,0
photo_0335.jpg,0
photo_0336.jpg,0
photo_0337.jpg,0
photo_0338.jpg,0
photo_0339.jpg,0
photo_0340.jpg,0
photo_0341.jpg,0
photo_0342.jpg,0
photo_0343.jpg,0
photo_0344.jpg,0
photo_0345.jpg,0
photo_0346.jpg,0
photo_0347.jpg,0
photo_0348.jpg,0
photo_0349.jpg,0
photo_0350.jpg,0
photo_0351.jpg,0
photo_0352.jpg,0
photo_0353.jpg,0
photo_0354.jpg,0
photo_0355.jpg,0
photo_0356.jpg,0
photo_0357.jpg,0
photo_0358.jpg,0
photo_0359.jpg,0
photo_0360.jpg,0
photo_0361.jpg,0
photo_0362.jpg,0
photo_0363.jpg,0
photo_0364.jpg,0
photo_0365.jpg,0
photo_0366.jpg,0
photo_0367.jpg,0
photo_0368.jpg,0
photo_0369.jpg,0
photo_0370.jpg,0
photo_0371.jpg,0
photo_0372.jpg,0
photo_0373.jpg,0
photo_0374.jpg,0
photo_0375.jpg,0
photo_0376.jpg,0
photo_0377.jpg,0
photo_0378.jpg,0
photo_0379.jpg,0
photo_0380.jpg,0
photo_0381.jpg,0
photo_0382.jpg,0
photo_0383.jpg,0
photo_0384.jpg,0
photo_0385.jpg,0
photo_0386.jpg,0
photo_0387.jpg,0
photo_0388.jpg,0
photo_0389.jpg,0
photo_0390.jpg,0
photo_0391.jpg,0
photo_0392.jpg,0
photo_0393.jpg,0
photo_0394.jpg,0
photo_0395.jpg,0
photo_0396.jpg,0
photo_0397.jpg,0
photo_0398.jpg,0
photo_0399.jpg,0
photo_0400.jpg,0
photo_0401.jpg,0
photo_0402.jpg,0
photo_0403.jpg,0
photo_0404.jpg,0
photo_0405.jpg,0
photo_0406.jpg,0
photo_0407.jpg,0
photo_0408.jpg,0
photo_0409.jpg,0
photo_0410.jpg,0
photo_0411.jpg,0
photo_0412.jpg,0
photo_0413.jpg,0
photo_0414.jpg,0
photo_0415.jpg,0
photo_0416.jpg,0
photo_0417.jpg,0
photo_0418.jpg,0
photo_0419.jpg,0
photo_0420.jpg,0
photo_0421.jpg,0
photo_0422.jpg,0
photo_0423.jpg,0
photo_0424.jpg,0
photo_0425.jpg,0
photo_0426.jpg,0
photo_0427.jpg,0
photo_0428.jpg,0
photo_0429.jpg,0
photo_0430.jpg,0
photo_0431.jpg,0
photo_0432.jpg,0
photo_0433.jpg,0
photo_0434.jpg,0
photo_0435.jpg,0
photo_0436.jpg,0
photo_0437.jpg,0
photo_0438.jpg,0
photo_0439.jpg,0
photo_0440.jpg,0
photo_0441.jpg,0
photo_0442.jpg,0
photo_0443.jpg,0
photo_0444.jpg,0
photo_0445.jpg,1
photo_0446.jpg,0
photo_0447.jpg,0
photo_0448.jpg,1
photo_0449.jpg,0
photo_0450.jpg,0
photo_0451.jpg,0
photo_0452.jpg,0
photo_0453.jpg,0
photo_0454.jpg,0
photo_0455.jpg,0
photo_0456.jpg,0
photo_0457.jpg,0
photo_0458.jpg,0
photo_0459.jpg,0
photo_0460.jpg,0
photo_0461.jpg,0
photo_0462.jpg,0
photo_0463.jpg,0
photo_0464.jpg,0
photo_0465.jpg,0
photo_0466.jpg,0
photo_0467.jpg,0
photo_0468.jpg,0
photo_0469.jpg,0
photo_0470.jpg,0
photo_0471.jpg,0
photo_0472.jpg,0
photo_0473.jpg,0
photo_0474.jpg,0
photo_0475.jpg,0
photo_0476.jpg,0
photo_0477.jpg,0
photo_0478.jpg,0
photo_0479.jpg,0
photo_0480.jpg,0
photo_0481.jpg,0
photo_0482.jpg,0
photo_0483.jpg,0
photo_0484.jpg,0
photo_0485.jpg,0
photo_0486.jpg,0
photo_0487.jpg,0
photo_0488.jpg,0
photo_0489.jpg,0
photo_0490.jpg,0
photo_0491.jpg,0
photo_0492.jpg,0
photo_0493.jpg,0
photo_0494.jpg,0
photo_0495.jpg,0
photo_0496.jpg,0
photo_0497.jpg,0
photo_0498.jpg,0
photo_0499.jpg,0
photo_0500.jpg,0
photo_0501.jpg,0
photo_0502.jpg,0
photo_0503.jpg,0
photo_0504.jpg,0
photo_0505.jpg,0
photo_0506.jpg,0
photo_0507.jpg,0
photo_0508.jpg,0
photo_0509.jpg,0
photo_0510.jpg,0
photo_0511.jpg,0
photo_0512.jpg,0
photo_0513.jpg,0
photo_0514.jpg,0
photo_0515.jpg,0
photo_0516.jpg,0
photo_0517.jpg,0
photo_0518.jpg,0
photo_0519.jpg,0
photo_0520.jpg,0
photo_0521.jpg,1
photo_0522.jpg,0
photo_0523.jpg,1
photo_0524.jpg,0
photo_0525.jpg,0
photo_0526.jpg,0
photo_0527.jpg,1
photo_0528.jpg,0
photo_0529.jpg,1
photo_0530.jpg,0
photo_0531.jpg,0
photo_0532.jpg,1
photo_0533.jpg,1
photo_0534.jpg,0
photo_0535.jpg,1
photo_0536.jpg,1
photo_0537.jpg,0
photo_0538.jpg,1
photo_0539.jpg,0
photo_0540.jpg,0
photo_0541.jpg,0
photo_0542.jpg,0
photo_0543.jpg,0
photo_0544.jpg,0
photo_0545.jpg,0
photo_0546.jpg,0
photo_0547.jpg,1
photo_0548.jpg,1
photo_0549.jpg,0
photo_0550.jpg,0
photo_0551.jpg,0
photo_0552.jpg,0
photo_0553.jpg,0
photo_0554.jpg,0
photo_0555.jpg,0
photo_0556.jpg,0
photo_0557.jpg,0
photo_0558.jpg,0
photo_0559.jpg,0
photo_0560.jpg,1
photo_0561.jpg,0
photo_0562.jpg,0
photo_0563.jpg,0
photo_0564.jpg,0
photo_0565.jpg,0
photo_0566.jpg,0
photo_0567.jpg,0
photo_0568.jpg,0
photo_0569.jpg,0
photo_0570.jpg,0
photo_0571.jpg,0
photo_0572.jpg,0
photo_0573.jpg,0
photo_0574.jpg,0
photo_0575.jpg,0
photo_0576.jpg,0
photo_0577.jpg,0
photo_0578.jpg,0
photo_0579.jpg,0
photo_0580.jpg,0
photo_0581.jpg,0
photo_0582.jpg,0
photo_0583.jpg,0
photo_0584.jpg,0
photo_0585.jpg,0
photo_0586.jpg,0
photo_0587.jpg,0
photo_0588.jpg,0
photo_0589.jpg,0
photo_0590.jpg,0
photo_0591.jpg,0
photo_0592.jpg,0
photo_0593.jpg,0
photo_0594.jpg,0
photo_0595.jpg,0
photo_0596.jpg,0
photo_0597.jpg,0
photo_0598.jpg,0
photo_0599.jpg,0
photo_0600.jpg,0
photo_0601.jpg,0
photo_0602.jpg,0
photo_0603.jpg,0
photo_0604.jpg,0
photo_0605.jpg,0
photo_0606.jpg,0
photo_0607.jpg,0
photo_0608.jpg,0
photo_0609.jpg,0
photo_0610.jpg,0
photo_0611.jpg,0
photo_0612.jpg,0
photo_0613.jpg,0
photo_0614.jpg,0
photo_0615.jpg,0
photo_0616.jpg,0
photo_0617.jpg,0
photo_0618.jpg,0
photo_0619.jpg,0
photo_0620.jpg,0
photo_0621.jpg,0
photo_0622.jpg,0
photo_0623.jpg,0
photo_0624.jpg,0
photo_0625.jpg,0
photo_0626.jpg,0
photo_0627.jpg,0
photo_0628.jpg,0
photo_0629.jpg,1
photo_0630.jpg,0
photo_0631.jpg,0
photo_0632.jpg,0
photo_0633.jpg,0
photo_0634.jpg,0
photo_0635.jpg,1
photo_0636.jpg,0
photo_0637.jpg,1
photo_0638.jpg,0
photo_0639.jpg,0
photo_0640.jpg,0
photo_0641.jpg,0
photo_0642.jpg,0
photo_0643.jpg,0
photo_0644.jpg,0
photo_0645.jpg,0
photo_0646.jpg,1
photo_0647.jpg,1
photo_0648.jpg,0
photo_0649.jpg,1
photo_0650.jpg,1
photo_0651.jpg,0
photo_0652.jpg,0
photo_0653.jpg,0
photo_0654.jpg,0
photo_0655.jpg,0
photo_0656.jpg,1
photo_0657.jpg,0
photo_0658.jpg,1
photo_0659.jpg,0
photo_0660.jpg,0
photo_0661.jpg,1
photo_0662.jpg,1
photo_0663.jpg,0
photo_0664.jpg,1
photo_0665.jpg,1
photo_0666.jpg,0
photo_0667.jpg,0
photo_0668.jpg,0
photo_0669.jpg,0
photo_0670.jpg,0
photo_0671.jpg,0
photo_0672.jpg,0
photo_0673.jpg,0
photo_0674.jpg,0
photo_0675.jpg,0
photo_0676.jpg,0
photo_0677.jpg,0
photo_0678.jpg,0
photo_0679.jpg,0
photo_0680.jpg,0
photo_0681.jpg,0
photo_0682.jpg,0
photo_0683.jpg,0
photo_0684.jpg,0
photo_0685.jpg,0
photo_0686.jpg,0
photo_0687.jpg,0
photo_0688.jpg,0
photo_0689.jpg,0
photo_0690.jpg,0
photo_0691.jpg,0
photo_0692.jpg,0
photo_0693.jpg,0
photo_0694.jpg,0
photo_0695.jpg,0
photo_0696.jpg,0
photo_0697.jpg,0
photo_0698.jpg,0
photo_0699.jpg,0
photo_0700.jpg,0
photo_0701.jpg,0
photo_0702.jpg,0
photo_0703.jpg,0
photo_0704.jpg,0
photo_0705.jpg,0
photo_0706.jpg,0
photo_0707.jpg,0
photo_0708.jpg,0
photo_0709.jpg,0
photo_0710.jpg,0
photo_0711.jpg,0
photo_0712.jpg,0
photo_0713.jpg,0
photo_0714.jpg,0
photo_0715.jpg,0
photo_0716.jpg,0
photo_0717.jpg,0
photo_0718.jpg,0
photo_0719.jpg,0
photo_0720.jpg,0
photo_0721.jpg,0
photo_0722.jpg,0
photo_0723.jpg,0
photo_0724.jpg,0
photo_0725.jpg,0
photo_0726.jpg,0
photo_0727.jpg,0
photo_0728.jpg,0
photo_0729.jpg,0
photo_0730.jpg,0
photo_0731.jpg,0
photo_0732.jpg,0
photo_0733.jpg,0
photo_0734.jpg,0
photo_0735.jpg,0
photo_0736.jpg,0
photo_0737.jpg,1
photo_0738.jpg,0
photo_0739.jpg,0
photo_0740.jpg,0
photo_0741.jpg,0
photo_0742.jpg,0
photo_0743.jpg,1
photo_0744.jpg,0
photo_0745.jpg,0
photo_0746.jpg,1
photo_0747.jpg,0
photo_0748.jpg,1
photo_0749.jpg,0
photo_0750.jpg,0
photo_0751.jpg,0
photo_0752.jpg,0
photo_0753.jpg,0
photo_0754.jpg,1
photo_0755.jpg,0
photo_0756.jpg,0
photo_0757.jpg,1
photo_0758.jpg,1
photo_0759.jpg,0
photo_0760.jpg,1
photo_0761.jpg,1
photo_0762.jpg,0
photo_0763.jpg,1
photo_0764.jpg,0
photo_0765.jpg,0
photo_0766.jpg,1
photo_0767.jpg,0
photo_0768.jpg,1
photo_0769.jpg,0
photo_0770.jpg,1
photo_0771.jpg,0
photo_0772.jpg,0
photo_0773.jpg,0
photo_0774.jpg,0
photo_0775.jpg,0
photo_0776.jpg,0
photo_0777.jpg,0
photo_0778.jpg,0
photo_0779.jpg,0
photo_0780.jpg,0
photo_0781.jpg,0
photo_0782.jpg,0
photo_0783.jpg,0
photo_0784.jpg,0
photo_0785.jpg,0
photo_0786.jpg,0
photo_0787.jpg,0
photo_0788.jpg,0
photo_0789.jpg,0
photo_0790.jpg,0
photo_0791.jpg,0
photo_0792.jpg,0
photo_0793.jpg,0
photo_0794.jpg,0
photo_0795.jpg,0
photo_0796.jpg,0
photo_0797.jpg,0
photo_0798.jpg,0
photo_0799.jpg,0
photo_0800.jpg,0
photo_0801.jpg,0
photo_0802.jpg,0
photo_0803.jpg,0
photo_0804.jpg,0
photo_0805.jpg,0
photo_0806.jpg,0
photo_0807.jpg,0
photo_0808.jpg,0
photo_0809.jpg,0
photo_0810.jpg,0
photo_0811.jpg,0
photo_0812.jpg,0
photo_0813.jpg,0
photo_0814.jpg,0
photo_0815.jpg,0
photo_0816.jpg,0
photo_0817.jpg,0
photo_0818.jpg,0
photo_0819.jpg,0
photo_0820.jpg,0
photo_0821.jpg,0
photo_0822.jpg,0
photo_0823.jpg,0
photo_0824.jpg,0
photo_0825.jpg,0
photo_0826.jpg,0
photo_0827.jpg,0
photo_0828.jpg,0
photo_0829.jpg,0
photo_0830.jpg,0
photo_0831.jpg,0
photo_0832.jpg,0
photo_0833.jpg,0
photo_0834.jpg,0
photo_0835.jpg,0
photo_0836.jpg,0
photo_0837.jpg,0
photo_0838.jpg,0
photo_0839.jpg,0
photo_0840.jpg,0
photo_0841.jpg,0
photo_0842.jpg,0
photo_0843.jpg,0
photo_0844.jpg,0
photo_0845.jpg,0
photo_0846.jpg,0
photo_0847.jpg,0
photo_0848.jpg,0
photo_0849.jpg,0
photo_0850.jpg,1
photo_0851.jpg,1
photo_0852.jpg,0
photo_0853.jpg,1
photo_0854.jpg,1
photo_0855.jpg,0
photo_0856.jpg,1
photo_0857.jpg,1
photo_0858.jpg,0
photo_0859.jpg,0
photo_0860.jpg,0
photo_0861.jpg,0
photo_0862.jpg,1
photo_0863.jpg,1
photo_0864.jpg,0
photo_0865.jpg,1
photo_0866.jpg,0
photo_0867.jpg,0
photo_0868.jpg,1
photo_0869.jpg,0
photo_0870.jpg,0
photo_0871.jpg,0
photo_0872.jpg,0
photo_0873.jpg,0
photo_0874.jpg,0
photo_0875.jpg,0
photo_0876.jpg,0
photo_0877.jpg,1
photo_0878.jpg,0
photo_0879.jpg,0
photo_0880.jpg,0
photo_0881.jpg,0
photo_0882.jpg,1
photo_0883.jpg,0
photo_0884.jpg,1
photo_0885.jpg,0
photo_0886.jpg,1
photo_0887.jpg,1
photo_0888.jpg,0
photo_0889.jpg,0
photo_0890.jpg,1
photo_0891.jpg,0
photo_0892.jpg,0
photo_0893.jpg,0
photo_0894.jpg,0
photo_0895.jpg,0
photo_0896.jpg,0
photo_0897.jpg,0
photo_0898.jpg,0
photo_0899.jpg,0
photo_0900.jpg,0
photo_0901.jpg,0
photo_0902.jpg,0
photo_0903.jpg,0
photo_0904.jpg,0
photo_0905.jpg,0
photo_0906.jpg,0
photo_0907.jpg,0
photo_0908.jpg,0
photo_0909.jpg,0
photo_0910.jpg,0
photo_0911.jpg,0
photo_0912.jpg,0
photo_0913.jpg,0
photo_0914.jpg,0
photo_0915.jpg,0
photo_0916.jpg,0
photo_0917.jpg,0
photo_0918.jpg,0
photo_0919.jpg,0
photo_0920.jpg,0
photo_0921.jpg,0
photo_0922.jpg,0
photo_0923.jpg,0
photo_0924.jpg,0
photo_0925.jpg,0
photo_0926.jpg,0
photo_0927.jpg,0
photo_0928.jpg,0
photo_0929.jpg,0
photo_0930.jpg,0
photo_0931.jpg,0
photo_0932.jpg,0
photo_0933.jpg,0
photo_0934.jpg,0
photo_0935.jpg,0
photo_0936.jpg,0
photo_0937.jpg,0
photo_0938.jpg,0
photo_0939.jpg,0
photo_0940.jpg,0
photo_0941.jpg,0
photo_0942.jpg,0
photo_0943.jpg,0
photo_0944.jpg,0
photo_0945.jpg,0
photo_0946.jpg,0
photo_0947.jpg,0
photo_0948.jpg,0
photo_0949.jpg,0
photo_0950.jpg,0
photo_0951.jpg,0
photo_0952.jpg,1
photo_0953.jpg,0
photo_0954.jpg,0
photo_0955.jpg,0
photo_0956.jpg,0
photo_0957.jpg,0
photo_0958.jpg,0
photo_0959.jpg,0
photo_0960.jpg,0
photo_0961.jpg,0
photo_0962.jpg,0
photo_0963.jpg,0
photo_0964.jpg,0
photo_0965.jpg,0
photo_0966.jpg,0
photo_0967.jpg,0
photo_0968.jpg,0
photo_0969.jpg,0
photo_0970.jpg,1
photo_0971.jpg,0
photo_0972.jpg,0
photo_0973.jpg,0
photo_0974.jpg,0
photo_0975.jpg,0
photo_0976.jpg,0
photo_0977.jpg,0
photo_0978.jpg,0
photo_0979.jpg,0
photo_0980.jpg,0
photo_0981.jpg,0
photo_0982.jpg,0
photo_0983.jpg,0
photo_0984.jpg,0
photo_0985.jpg,0
photo_0986.jpg,0
photo_0987.jpg,0
photo_0988.jpg,0
photo_0989.jpg,0
photo_0990.jpg,0
photo_0991.jpg,0
photo_0992.jpg,0
photo_0993.jpg,0
photo_0994.jpg,0
photo_0995.jpg,0
photo_0996.jpg,0
photo_0997.jpg,0
photo_0998.jpg,0
photo_0999.jpg,0
photo_1000.jpg,0
photo_1001.jpg,0
photo_1002.jpg,0
photo_1003.jpg,0
photo_1004.jpg,0
photo_1005.jpg,0
photo_1006.jpg,0
photo_1007.jpg,0
photo_1008.jpg,0
photo_1009.jpg,0
photo_1010.jpg,0
photo_1011.jpg,0
photo_1012.jpg,0
photo_1013.jpg,0
photo_1014.jpg,0
photo_1015.jpg,0
photo_1016.jpg,0
photo_1017.jpg,0
photo_1018.jpg,0
photo_1019.jpg,0
photo_1020.jpg,0
photo_1021.jpg,0
photo_1022.jpg,0
photo_1023.jpg,0
photo_1024.jpg,0
photo_1025.jpg,1
photo_1026.jpg,0
photo_1027.jpg,0
photo_1028.jpg,1
photo_1029.jpg,0
photo_1030.jpg,1
photo_1031.jpg,1
photo_1032.jpg,0
photo_1033.jpg,1
photo_1034.jpg,0
photo_1035.jpg,0
photo_1036.jpg,0
photo_1037.jpg,0
photo_1038.jpg,0
photo_1039.jpg,1
photo_1040.jpg,0
photo_1041.jpg,1
photo_1042.jpg,1
photo_1043.jpg,1
photo_1044.jpg,0
photo_1045.jpg,1
photo_1046.jpg,1
photo_1047.jpg,0
photo_1048.jpg,1
photo_1049.jpg,0
photo_1050.jpg,1
photo_1051.jpg,0
photo_1052.jpg,0
photo_1053.jpg,0
photo_1054.jpg,0
photo_1055.jpg,1
photo_1056.jpg,0
photo_1057.jpg,1
photo_1058.jpg,1
photo_1059.jpg,0
photo_1060.jpg,1
photo_1061.jpg,1
photo_1062.jpg,0
photo_1063.jpg,1
photo_1064.jpg,0
photo_1065.jpg,0
photo_1066.jpg,1
photo_1067.jpg,1
photo_1068.jpg,0
photo_1069.jpg,1
photo_1070.jpg,0
photo_1071.jpg,0
photo_1072.jpg,0
photo_1073.jpg,0
photo_1074.jpg,0
photo_1075.jpg,0
photo_1076.jpg,0
photo_1077.jpg,0
photo_1078.jpg,0
photo_1079.jpg,0
photo_1080.jpg,0
photo_1081.jpg,0
photo_1082.jpg,0
photo_1083.jpg,0
photo_1084.jpg,0
photo_1085.jpg,0
photo_1086.jpg,0
photo_1087.jpg,0
photo_1088.jpg,0
photo_1089.jpg,0
photo_1090.jpg,0
photo_1091.jpg,0
photo_1092.jpg,0
photo_1093.jpg,0
photo_1094.jpg,0
photo_1095.jpg,0
photo_1096.jpg,0
photo_1097.jpg,0
photo_1098.jpg,0
photo_1099.jpg,0
photo_1100.jpg,0
photo_1101.jpg,0
photo_1102.jpg,0
photo_1103.jpg,0
photo_1104.jpg,0
photo_1105.jpg,0
photo_1106.jpg,0
photo_1107.jpg,0
photo_1108.jpg,0
photo_1109.jpg,0
photo_1110.jpg,0
photo_1111.jpg,0
photo_1112.jpg,0
photo_1113.jpg,0
photo_1114.jpg,0
photo_1115.jpg,0
photo_1116.jpg,0
photo_1117.jpg,0
photo_1118.jpg,0
photo_1119.jpg,0
photo_1120.jpg,0
photo_1121.jpg,0
photo_1122.jpg,0
photo_1123.jpg,0
photo_1124.jpg,0
photo_1125.jpg,0
photo_1126.jpg,0
photo_1127.jpg,0
photo_1128.jpg,0
photo_1129.jpg,0
photo_1130.jpg,1
photo_1131.jpg,0
photo_1132.jpg,0
photo_1133.jpg,0
photo_1134.jpg,0
photo_1135.jpg,1
photo_1136.jpg,1
photo_1137.jpg,0
photo_1138.jpg,1
photo_1139.jpg,1
photo_1140.jpg,0
photo_1141.jpg,0
photo_1142.jpg,1
photo_1143.jpg,0
photo_1144.jpg,1
photo_1145.jpg,1
photo_1146.jpg,0
photo_1147.jpg,0
photo_1148.jpg,0
photo_1149.jpg,0
photo_1150.jpg,1
photo_1151.jpg,0
photo_1152.jpg,0
photo_1153.jpg,0
photo_1154.jpg,0
photo_1155.jpg,0
photo_1156.jpg,0
photo_1157.jpg,0
photo_1158.jpg,0
photo_1159.jpg,0
photo_1160.jpg,0
photo_1161.jpg,0
photo_1162.jpg,0
photo_1163.jpg,0
photo_1164.jpg,0
photo_1165.jpg,0
photo_1166.jpg,0
photo_1167.jpg,0
photo_1168.jpg,0
photo_1169.jpg,0
photo_1170.jpg,0
photo_1171.jpg,0
photo_1172.jpg,0
photo_1173.jpg,0
photo_1174.jpg,0
photo_1175.jpg,0
photo_1176.jpg,0
photo_1177.jpg,0
photo_1178.jpg,0
photo_1179.jpg,0
photo_1180.jpg,0
photo_1181.jpg,0
photo_1182.jpg,0
photo_1183.jpg,0
photo_1184.jpg,0
photo_1185.jpg,0
photo_1186.jpg,0
photo_1187.jpg,0
photo_1188.jpg,0
photo_1189.jpg,0
photo_1190.jpg,0
photo_1191.jpg,0
photo_1192.jpg,0
photo_1193.jpg,0
photo_1194.jpg,0
photo_1195.jpg,0
photo_1196.jpg,0
photo_1197.jpg,0
photo_1198.jpg,0
photo_1199.jpg,0
photo_1200.jpg,0
photo_1201.jpg,0
photo_1202.jpg,0
photo_1203.jpg,0
photo_1204.jpg,0
photo_1205.jpg,0
photo_1206.jpg,0
photo_1207.jpg,0
photo_1208.jpg,0
photo_1209.jpg,0
photo_1210.jpg,0
photo_1211.jpg,0
photo_1212.jpg,0
photo_1213.jpg,0
photo_1214.jpg,0
photo_1215.jpg,0
photo_1216.jpg,0
photo_1217.jpg,0
photo_1218.jpg,0
photo_1219.jpg,0
photo_1220.jpg,0
photo_1221.jpg,0
photo_1222.jpg,0
photo_1223.jpg,0
photo_1224.jpg,0
photo_1225.jpg,0
photo_1226.jpg,1
photo_1227.jpg,0
photo_1228.jpg,1
photo_1229.jpg,0
photo_1230.jpg,1
photo_1231.jpg,1
photo_1232.jpg,0
photo_1233.jpg,1
photo_1234.jpg,1
photo_1235.jpg,0
photo_1236.jpg,0
photo_1237.jpg,1
photo_1238.jpg,0
photo_1239.jpg,0
photo_1240.jpg,0
photo_1241.jpg,0
photo_1242.jpg,0
photo_1243.jpg,0
photo_1244.jpg,0
photo_1245.jpg,0
photo_1246.jpg,0
photo_1247.jpg,0
photo_1248.jpg,0
photo_1249.jpg,0
photo_1250.jpg,0
photo_1251.jpg,0
photo_1252.jpg,0
photo_1253.jpg,0
photo_1254.jpg,0
photo_1255.jpg,0
photo_1256.jpg,1
photo_1257.jpg,0
photo_1258.jpg,1
photo_1259.jpg,0
photo_1260.jpg,0
photo_1261.jpg,1
photo_1262.jpg,1
photo_1263.jpg,0
photo_1264.jpg,0
photo_1265.jpg,1
photo_1266.jpg,0
photo_1267.jpg,1
photo_1268.jpg,1
photo_1269.jpg,0
photo_1270.jpg,1
photo_1271.jpg,0
photo_1272.jpg,0
photo_1273.jpg,0
photo_1274.jpg,0
photo_1275.jpg,0
photo_1276.jpg,0
photo_1277.jpg,0
photo_1278.jpg,0
photo_1279.jpg,0
photo_1280.jpg,0
photo_1281.jpg,0
photo_1282.jpg,0
photo_1283.jpg,0
photo_1284.jpg,0
photo_1285.jpg,0
photo_1286.jpg,0
photo_1287.jpg,0
photo_1288.jpg,0
photo_1289.jpg,0
photo_1290.jpg,0
photo_1291.jpg,0
photo_1292.jpg,0
photo_1293.jpg,0
photo_1294.jpg,0
photo_1295.jpg,0
photo_1296.jpg,0
photo_1297.jpg,0
photo_1298.jpg,0
photo_1299.jpg,0
photo_1300.jpg,0
photo_1301.jpg,0
photo_1302.jpg,0
photo_1303.jpg,0
photo_1304.jpg,0
photo_1305.jpg,0
photo_1306.jpg,0
photo_1307.jpg,0
photo_1308.jpg,0
photo_1309.jpg,0
photo_1310.jpg,0
photo_1311.jpg,0
photo_1312.jpg,0
photo_1313.jpg,0
photo_1314.jpg,0
photo_1315.jpg,0
photo_1316.jpg,0
photo_1317.jpg,0
photo_1318.jpg,0
photo_1319.jpg,0
photo_1320.jpg,0
photo_1321.jpg,0
photo_1322.jpg,0
photo_1323.jpg,0
photo_1324.jpg,0
photo_1325.jpg,0
photo_1326.jpg,0
photo_1327.jpg,0
photo_1328.jpg,0
photo_1329.jpg,0
photo_1330.jpg,0
photo_1331.jpg,0
photo_1332.jpg,0
photo_1333.jpg,1
photo_1334.jpg,1
photo_1335.jpg,0
photo_1336.jpg,1
photo_1337.jpg,0
photo_1338.jpg,0
photo_1339.jpg,0
photo_1340.jpg,0
photo_1341.jpg,0
photo_1342.jpg,0
photo_1343.jpg,0
photo_1344.jpg,0
photo_1345.jpg,0
photo_1346.jpg,0
photo_1347.jpg,0
photo_1348.jpg,0
photo_1349.jpg,0
photo_1350.jpg,0
photo_1351.jpg,0
photo_1352.jpg,0
photo_1353.jpg,0
photo_1354.jpg,0
photo_1355.jpg,0
photo_1356.jpg,0
photo_1357.jpg,0
photo_1358.jpg,0
photo_1359.jpg,0
photo_1360.jpg,0
photo_1361.jpg,0
photo_1362.jpg,0
photo_1363.jpg,0
photo_1364.jpg,0
photo_1365.jpg,0
photo_1366.jpg,0
photo_1367.jpg,0
photo_1368.jpg,0
photo_1369.jpg,0
photo_1370.jpg,0
photo_1371.jpg,0
photo_1372.jpg,0
photo_1373.jpg,0
photo_1374.jpg,0
photo_1375.jpg,0
photo_1376.jpg,0
photo_1377.jpg,0
photo_1378.jpg,0
photo_1379.jpg,0
photo_1380.jpg,0
photo_1381.jpg,0
photo_1382.jpg,0
photo_1383.jpg,0
photo_1384.jpg,0
photo_1385.jpg,0
photo_1386.jpg,0
photo_1387.jpg,0
photo_1388.jpg,0
photo_1389.jpg,0
photo_1390.jpg,0
photo_1391.jpg,0
photo_1392.jpg,0
